
{
	"allowSleep" : true,
	"autoClearForces" : true,
	"body" : 
	[
		
		{
			"angle" : -0.09696272760629654,
			"angularVelocity" : 0,
			"awake" : true,
			"fixture" : 
			[
				
				{
					"density" : 155.2048187255859,
					"friction" : 0.2000000029802322,
					"name" : "fixture3",
					"polygon" : 
					{
						"vertices" : 
						{
							"x" : 
							[
								0.07084548473358154,
								0.07084548473358154,
								-0.07084560394287109,
								-0.07084560394287109
							],
							"y" : 
							[
								-0.2054100036621094,
								0.2054100036621094,
								0.2054100036621094,
								-0.2054100036621094
							]
						}
					}
				}
			],
			"linearVelocity" : 
			{
				"x" : 0,
				"y" : 0
			},
			"massData-I" : 0.1421784609556198,
			"massData-center" : 
			{
				"x" : -5.965836891164145e-008,
				"y" : 6.565017418580510e-010
			},
			"massData-mass" : 9.034399986267090,
			"name" : "ASDFF",
			"position" : 
			{
				"x" : -0.8198498487472534,
				"y" : 0.6726394891738892
			},
			"type" : 2
		},
		
		{
			"angle" : -0.0129932239651680,
			"angularVelocity" : 0,
			"awake" : true,
			"fixture" : 
			[
				
				{
					"density" : 155.2063903808594,
					"friction" : 0.2000000029802322,
					"name" : "fixture3",
					"polygon" : 
					{
						"vertices" : 
						{
							"x" : 
							[
								0.05284571647644043,
								0.05284571647644043,
								-0.05284571647644043,
								-0.05284571647644043
							],
							"y" : 
							[
								-0.1984349936246872,
								0.1984350085258484,
								0.1984350085258484,
								-0.1984349936246872
							]
						}
					}
				}
			],
			"linearVelocity" : 
			{
				"x" : 0,
				"y" : 0
			},
			"massData-I" : 0.09151050448417664,
			"massData-center" : 
			{
				"x" : 2.971518031635867e-010,
				"y" : 7.951212133150420e-009
			},
			"massData-mass" : 6.510250091552734,
			"name" : "body2",
			"position" : 
			{
				"x" : -0.8387145996093750,
				"y" : 0.2948555648326874
			},
			"type" : 2
		},
		
		{
			"angle" : -0.0129932239651680,
			"angularVelocity" : 0,
			"awake" : true,
			"fixture" : 
			[
				
				{
					"density" : 155.2059631347656,
					"friction" : 0.2000000029802322,
					"name" : "fixture4",
					"polygon" : 
					{
						"vertices" : 
						{
							"x" : 
							[
								0.09819680452346802,
								0.09819680452346802,
								-0.09819692373275757,
								-0.09819692373275757
							],
							"y" : 
							[
								-0.05381940305233002,
								0.05381940305233002,
								0.05381940305233002,
								-0.05381940305233002
							]
						}
					}
				}
			],
			"linearVelocity" : 
			{
				"x" : 0,
				"y" : 0
			},
			"massData-I" : 0.01371361035853624,
			"massData-center" : 
			{
				"x" : -5.940071545751380e-008,
				"y" : 2.186802822157219e-010
			},
			"massData-mass" : 3.28098988533020,
			"name" : "body3",
			"position" : 
			{
				"x" : -0.8924244046211243,
				"y" : 0.05909249186515808
			},
			"type" : 2
		},
		
		{
			"angle" : 0.02273127436637878,
			"angularVelocity" : 0,
			"awake" : true,
			"fixture" : 
			[
				
				{
					"density" : 155.2063140869141,
					"friction" : 0.2000000029802322,
					"name" : "fixture4",
					"polygon" : 
					{
						"vertices" : 
						{
							"x" : 
							[
								0.09819692373275757,
								0.09819692373275757,
								-0.09819680452346802,
								-0.09819680452346802
							],
							"y" : 
							[
								-0.05381943285465241,
								0.05381943285465241,
								0.05381943285465241,
								-0.05381943285465241
							]
						}
					}
				}
			],
			"linearVelocity" : 
			{
				"x" : 0,
				"y" : 0
			},
			"massData-I" : 0.01371365319937468,
			"massData-center" : 
			{
				"x" : 5.900634647559855e-008,
				"y" : -7.821168712673909e-011
			},
			"massData-mass" : 3.280998945236206,
			"name" : "body3",
			"position" : 
			{
				"x" : -0.4203618168830872,
				"y" : 0.07148450613021851
			},
			"type" : 2
		},
		
		{
			"angle" : 0.1918259412050247,
			"angularVelocity" : 0,
			"awake" : true,
			"fixture" : 
			[
				
				{
					"density" : 155.2062072753906,
					"friction" : 0.2000000029802322,
					"name" : "fixture3",
					"polygon" : 
					{
						"vertices" : 
						{
							"x" : 
							[
								0.05284571647644043,
								0.05284571647644043,
								-0.05284571647644043,
								-0.05284571647644043
							],
							"y" : 
							[
								-0.1984352767467499,
								0.1984352171421051,
								0.1984352171421051,
								-0.1984352767467499
							]
						}
					}
				}
			],
			"linearVelocity" : 
			{
				"x" : 0,
				"y" : 0
			},
			"massData-I" : 0.09151072055101395,
			"massData-center" : 
			{
				"x" : -2.081862598979356e-010,
				"y" : -3.077217769487106e-008
			},
			"massData-mass" : 6.510250091552734,
			"name" : "body2",
			"position" : 
			{
				"x" : -0.5081201791763306,
				"y" : 0.3031750321388245
			},
			"type" : 2
		},
		
		{
			"angle" : 0.1918259412050247,
			"angularVelocity" : 0,
			"awake" : true,
			"fixture" : 
			[
				
				{
					"density" : 155.2048492431641,
					"friction" : 0.2000000029802322,
					"name" : "fixture3",
					"polygon" : 
					{
						"vertices" : 
						{
							"x" : 
							[
								0.07084560394287109,
								0.07084560394287109,
								-0.07084554433822632,
								-0.07084554433822632
							],
							"y" : 
							[
								-0.2054098844528198,
								0.2054098248481751,
								0.2054098248481751,
								-0.2054098844528198
							]
						}
					}
				}
			],
			"linearVelocity" : 
			{
				"x" : 0,
				"y" : 0
			},
			"massData-I" : 0.1421782672405243,
			"massData-center" : 
			{
				"x" : 2.938010190689511e-008,
				"y" : -2.987562552903000e-008
			},
			"massData-mass" : 9.034399986267090,
			"name" : "ASDFF",
			"position" : 
			{
				"x" : -0.5783826708793640,
				"y" : 0.6752078533172607
			},
			"type" : 2
		},
		
		{
			"angle" : 0,
			"angularVelocity" : 0,
			"awake" : true,
			"fixture" : 
			[
				
				{
					"density" : 155.1153869628906,
					"friction" : 0.2000000029802322,
					"name" : "fixture2",
					"polygon" : 
					{
						"vertices" : 
						{
							"x" : 
							[
								0.1540690064430237,
								0.1540690064430237,
								-0.1540690064430237,
								-0.1540690064430237
							],
							"y" : 
							[
								-0.2514176964759827,
								0.2514177560806274,
								0.2514177560806274,
								-0.2514176964759827
							]
						}
					}
				}
			],
			"linearVelocity" : 
			{
				"x" : 0,
				"y" : 0
			},
			"massData-I" : 0.6965704560279846,
			"massData-center" : 
			{
				"x" : 1.478304145763332e-009,
				"y" : 3.066277898255976e-008
			},
			"massData-mass" : 24.03400039672852,
			"name" : "body1",
			"position" : 
			{
				"x" : -0.7068164944648743,
				"y" : 1.105356216430664
			},
			"type" : 2
		},
		
		{
			"angle" : 0,
			"angularVelocity" : 0,
			"awake" : true,
			"fixture" : 
			[
				
				{
					"circle" : 
					{
						"center" : 
						{
							"x" : 0,
							"y" : 0
						},
						"radius" : 0.1140235140919685
					},
					"density" : 155.1965332031250,
					"friction" : 0.2000000029802322,
					"name" : "fixture1"
				}
			],
			"linearVelocity" : 
			{
				"x" : 0,
				"y" : 0
			},
			"massData-I" : 0.04120781645178795,
			"massData-mass" : 6.338999748229981,
			"name" : "body0",
			"position" : 
			{
				"x" : -0.6975590586662293,
				"y" : 1.501103878021240
			},
			"type" : 2
		},
		
		{
			"angle" : 0,
			"angularVelocity" : 0,
			"awake" : true,
			"fixture" : 
			[
				
				{
					"chain" : 
					{
						"vertices" : 
						{
							"x" : [ -10.0, 10.0 ],
							"y" : [ 0.0, 0.0 ]
						}
					},
					"density" : 1,
					"friction" : 0.2000000029802322,
					"name" : "fixture0"
				}
			],
			"linearVelocity" : 
			{
				"x" : 0,
				"y" : 0
			},
			"name" : "Floor",
			"position" : 
			{
				"x" : 0,
				"y" : 0
			},
			"type" : 0
		},
		
		{
			"angle" : 0,
			"angularVelocity" : 0,
			"awake" : true,
			"bullet" : true,